cluster,danceability,energy,valence,tempo,acousticness,instrumentalness,loudness
0,0.5509999999999999,0.6248888888888888,0.40522222222222226,110.033,0.3173166666666667,0.0889161,-7.418
1,0.7351666666666666,0.664,0.611,119.75116666666668,0.25939166666666663,0.4136670466666667,-8.5305
2,0.5814,0.3122,0.387,122.4932,0.8842000000000001,0.52798,-14.716
