cluster,danceability,energy,valence,tempo,acousticness,instrumentalness,loudness
0,0.39746585365853654,0.22982853658536584,0.24696829268292683,103.54043902439025,0.8741219512195122,0.6559387368292683,-18.45668292682927
1,0.594924149659864,0.6768265306122448,0.4848863945578231,124.66703061224489,0.309083845952381,0.11480278785714286,-7.426955782312925
2,0.5853848484848485,0.7336424242424242,0.4711442424242424,126.407,0.19745412424242426,0.1256100303030303,-6.774260606060605
